1; images/Polska/makowiec-1.jpg
2; images/Polska/pierogi-1.jpg
3; images/Polska/golabki-1.jpg
4; images/Polska/sernik-1.jpg
5; images/Polska/golonka-1.jpg
6; images/Polska/gulasz-1.jpg
7; images/Polska/szarlotka-1.jpg
8; images/Polska/rosol-1.jpg
9; images/Polska/kopytka-1.jpg
10; images/Polska/zurek-1.jpg
11; images/Polska/bigos-1.jpg
12; images/Polska/kotlet-schabowy-1.jpg
13; images/Polska/pomidorowa-1.jpg
14; images/Polska/paszteciki-1.jpg
15; images/Polska/kremowka-1.jpg
16; images/wlochy/pizza-margherita-1.jpg
17; images/wlochy/risotto-z-grzybami-1.jpg
18; images/wlochy/spaghetti-bolognese-1.jpg
19; images/wlochy/carbonara-1.jpg
20; images/wlochy/ravioli-z-homarem-1.jpg
21; images/wlochy/gnocchi-alla-sorrentina-1.jpg
22; images/wlochy/tiramisu-1.jpg
23; images/wlochy/pizza-napoletana-1.jpg
24; images/wlochy/bruschetta-1.jpg
25; images/wlochy/torrone-1.jpg
26; images/wlochy/panna-cotta-1.jpg
27; images/wlochy/focaccia-1.jpg
28; images/wlochy/carpaccio-1.jpg
29; images/wlochy/cannoli-1.jpg
30; images/wlochy/lasagne-1.jpg